Subject,M,frames,unique_samples,discarded_tail_samples,raw_app_bytes,compressed_app_bytes,finite_CR,scope
S1,51,4602,589184,64,1252000,543036,2.3055561693884017,derived app bytes; INT16 first N then H new samples; excludes unmeasured radio overhead
S1,77,4602,589184,64,1252000,782340,1.6003272234578316,derived app bytes; INT16 first N then H new samples; excludes unmeasured radio overhead
S1,128,4602,589184,64,1252000,1251744,1.0002045146611447,derived app bytes; INT16 first N then H new samples; excludes unmeasured radio overhead
S2,51,4099,524800,0,1115184,483682,2.3056140191282704,derived app bytes; INT16 first N then H new samples; excludes unmeasured radio overhead
S2,77,4099,524800,0,1115184,696830,1.6003673779831522,derived app bytes; INT16 first N then H new samples; excludes unmeasured radio overhead
S2,128,4099,524800,0,1115184,1114928,1.0002296112394702,derived app bytes; INT16 first N then H new samples; excludes unmeasured radio overhead
S3,51,4367,559104,0,1188080,515306,2.3055815379599696,derived app bytes; INT16 first N then H new samples; excludes unmeasured radio overhead
S3,77,4367,559104,0,1188080,742390,1.6003448322310376,derived app bytes; INT16 first N then H new samples; excludes unmeasured radio overhead
S3,128,4367,559104,0,1188080,1187824,1.0002155201443985,derived app bytes; INT16 first N then H new samples; excludes unmeasured radio overhead
S4,51,4571,585216,64,1243568,539378,2.3055593665295953,derived app bytes; INT16 first N then H new samples; excludes unmeasured radio overhead
S4,77,4571,585216,64,1243568,777070,1.6003294426499544,derived app bytes; INT16 first N then H new samples; excludes unmeasured radio overhead
S4,128,4571,585216,64,1243568,1243312,1.0002059016562215,derived app bytes; INT16 first N then H new samples; excludes unmeasured radio overhead
S5,51,4649,595200,0,1264784,548582,2.305551403436496,derived app bytes; INT16 first N then H new samples; excludes unmeasured radio overhead
S5,77,4649,595200,0,1264784,790330,1.6003239153265092,derived app bytes; INT16 first N then H new samples; excludes unmeasured radio overhead
S5,128,4649,595200,0,1264784,1264528,1.0002024470790682,derived app bytes; INT16 first N then H new samples; excludes unmeasured radio overhead
S6,51,2621,335616,64,713168,309278,2.305912480034144,derived app bytes; INT16 first N then H new samples; excludes unmeasured radio overhead
S6,77,2621,335616,64,713168,445570,1.6005745449648765,derived app bytes; INT16 first N then H new samples; excludes unmeasured radio overhead
S6,128,2621,335616,64,713168,712912,1.0003590906030477,derived app bytes; INT16 first N then H new samples; excludes unmeasured radio overhead
S7,51,4668,597632,0,1269952,550824,2.3055495040158016,derived app bytes; INT16 first N then H new samples; excludes unmeasured radio overhead
S7,77,4668,597632,0,1269952,793560,1.600322596905086,derived app bytes; INT16 first N then H new samples; excludes unmeasured radio overhead
S7,128,4668,597632,0,1269952,1269696,1.0002016230656787,derived app bytes; INT16 first N then H new samples; excludes unmeasured radio overhead
S8,51,4036,516736,64,1098048,476248,2.305622280828476,derived app bytes; INT16 first N then H new samples; excludes unmeasured radio overhead
S8,77,4036,516736,64,1098048,686120,1.6003731125750598,derived app bytes; INT16 first N then H new samples; excludes unmeasured radio overhead
S8,128,4036,516736,64,1098048,1097792,1.0002331953594124,derived app bytes; INT16 first N then H new samples; excludes unmeasured radio overhead
S9,51,4276,547456,64,1163328,504568,2.305592110478667,derived app bytes; INT16 first N then H new samples; excludes unmeasured radio overhead
S9,77,4276,547456,64,1163328,726920,1.6003521708028394,derived app bytes; INT16 first N then H new samples; excludes unmeasured radio overhead
S9,128,4276,547456,64,1163328,1163072,1.0002201067517746,derived app bytes; INT16 first N then H new samples; excludes unmeasured radio overhead
S10,51,5320,681088,64,1447296,627760,2.305492544921626,derived app bytes; INT16 first N then H new samples; excludes unmeasured radio overhead
S10,77,5320,681088,64,1447296,904400,1.6002830605926581,derived app bytes; INT16 first N then H new samples; excludes unmeasured radio overhead
S10,128,5320,681088,64,1447296,1447040,1.0001769128704112,derived app bytes; INT16 first N then H new samples; excludes unmeasured radio overhead
S11,51,4520,578688,64,1229696,533360,2.3055647217639117,derived app bytes; INT16 first N then H new samples; excludes unmeasured radio overhead
S11,77,4520,578688,64,1229696,768400,1.6003331598125976,derived app bytes; INT16 first N then H new samples; excludes unmeasured radio overhead
S11,128,4520,578688,64,1229696,1229440,1.0002082248828734,derived app bytes; INT16 first N then H new samples; excludes unmeasured radio overhead
S12,51,3953,506112,64,1075472,466454,2.3056335672970967,derived app bytes; INT16 first N then H new samples; excludes unmeasured radio overhead
S12,77,3953,506112,64,1075472,672010,1.6003809467121024,derived app bytes; INT16 first N then H new samples; excludes unmeasured radio overhead
S12,128,3953,506112,64,1075472,1075216,1.0002380916950642,derived app bytes; INT16 first N then H new samples; excludes unmeasured radio overhead
S13,51,4564,584320,64,1241664,538552,2.3055600944755565,derived app bytes; INT16 first N then H new samples; excludes unmeasured radio overhead
S13,77,4564,584320,64,1241664,775880,1.6003299479300923,derived app bytes; INT16 first N then H new samples; excludes unmeasured radio overhead
S13,128,4564,584320,64,1241664,1241408,1.0002062174563078,derived app bytes; INT16 first N then H new samples; excludes unmeasured radio overhead
S14,51,4475,572928,64,1217456,528050,2.3055695483382257,derived app bytes; INT16 first N then H new samples; excludes unmeasured radio overhead
S14,77,4475,572928,64,1217456,760750,1.6003365100230036,derived app bytes; INT16 first N then H new samples; excludes unmeasured radio overhead
S14,128,4475,572928,64,1217456,1217200,1.0002103187643772,derived app bytes; INT16 first N then H new samples; excludes unmeasured radio overhead
S15,51,3966,507776,0,1079008,467988,2.30563176833594,derived app bytes; INT16 first N then H new samples; excludes unmeasured radio overhead
S15,77,3966,507776,0,1079008,674220,1.6003796980214173,derived app bytes; INT16 first N then H new samples; excludes unmeasured radio overhead
S15,128,3966,507776,0,1079008,1078752,1.0002373112633858,derived app bytes; INT16 first N then H new samples; excludes unmeasured radio overhead
