M,Stage,n,mean_ms,p50_ms,p95_ms,measurement_session_id
51,Filter newly received samples,1000,0.14193,0.141,0.149,20261005T104005Z_7611453d
51,Normalize window,1000,0.078179,0.078,0.085,20261005T104005Z_7611453d
51,Projection+quantization+CRC/packet,1000,0.6804549999999999,0.683,0.683,20261005T104005Z_7611453d
51,Host raw write→packet received,1000,62.3812065,62.374700000000004,62.93568,20261005T104005Z_7611453d
51,Host Lite decoder,1000,1.7699004999999999,1.81765,2.5728649999999997,20261005T104005Z_7611453d
51,Host raw write→Lite output,1000,64.3323157,64.39295,65.625335,20261005T104005Z_7611453d
77,Filter newly received samples,1000,0.141974,0.141,0.15,20261005T104005Z_7611453d
77,Normalize window,1000,0.078018,0.078,0.085,20261005T104005Z_7611453d
77,Projection+quantization+CRC/packet,1000,1.021276,1.021,1.022,20261005T104005Z_7611453d
77,Host raw write→packet received,1000,67.31373370000001,67.3026,67.87057,20261005T104005Z_7611453d
77,Host Lite decoder,1000,1.8192953,1.8906999999999998,2.59306,20261005T104005Z_7611453d
77,Host raw write→Lite output,1000,69.3203736,69.38835,70.535335,20261005T104005Z_7611453d
128,Filter newly received samples,1000,0.14198,0.141,0.149,20261005T104005Z_7611453d
128,Normalize window,1000,0.078261,0.078,0.085,20261005T104005Z_7611453d
128,Projection+quantization+CRC/packet,1000,1.690217,1.692,1.693,20261005T104005Z_7611453d
128,Host raw write→packet received,1000,76.8358854,76.83245,77.39540000000001,20261005T104005Z_7611453d
128,Host Lite decoder,1000,1.8008314,1.87135,2.6002099999999997,20261005T104005Z_7611453d
128,Host raw write→Lite output,1000,78.8219871,78.8863,80.04564500000001,20261005T104005Z_7611453d
