Fold,M,Seed,best_epoch,epochs_run,stop_reason,training_seconds,device,gpu,parameter_count,published_peak_gpu_bytes,fingerprint
1,51,11,81,91,patience,74.72371435165405,cuda,NVIDIA RTX PRO 6000 Blackwell Server Edition,18193,52682752,7338d321fae7db4381242f91f2cfa5bbcff046099c37130c3b44ad840c13a632
1,51,22,42,52,patience,41.50845384597778,cuda,NVIDIA RTX PRO 6000 Blackwell Server Edition,18193,52682752,996cada766b41168e174476e4798b8857c4cbbdd7bd7bb78eb6248c808bab37c
1,51,33,63,73,patience,56.9111213684082,cuda,NVIDIA RTX PRO 6000 Blackwell Server Edition,18193,52682752,fd4eb756b4f44fffe2a652c2792cd5b6a20a03574d2410c18e4734cce0db34f6
1,77,11,59,69,patience,54.2545702457428,cuda,NVIDIA RTX PRO 6000 Blackwell Server Edition,24849,52842496,7000df1172566cd19269f2cbdbe8ecb6030cbf01ecbc1f171c86254fbfc5483a
1,77,22,42,52,patience,41.518348932266235,cuda,NVIDIA RTX PRO 6000 Blackwell Server Edition,24849,52842496,f6dabcf5d7570d1ad7db031cd74231e5a3baf05078220a2d66437e2dfff896da
1,77,33,63,73,patience,59.879392862319946,cuda,NVIDIA RTX PRO 6000 Blackwell Server Edition,24849,52842496,0795c189e2e113f0dee00db03689ebefdc5602d10cd4b7807dafe0b829a4fd4e
1,128,11,40,50,patience,41.77524757385254,cuda,NVIDIA RTX PRO 6000 Blackwell Server Edition,37905,53155840,2a3f2c6e519bea9e83b5a4f446c381e6ad4456b0f508f71c6d12473d66ce11b4
1,128,22,49,59,patience,48.88385200500488,cuda,NVIDIA RTX PRO 6000 Blackwell Server Edition,37905,53155840,d97731ae9e44d553ed1a929fa6eb78e354853a41893afd0c234b2d600e7fc913
1,128,33,24,34,patience,26.98157572746277,cuda,NVIDIA RTX PRO 6000 Blackwell Server Edition,37905,53155840,5fb488a06c0d8d94e79358beb8a3e880f69f2061aa5a6b82f7e8f65554cc0335
2,51,11,67,77,patience,60.15492105484009,cuda,NVIDIA RTX PRO 6000 Blackwell Server Edition,18193,53155840,68c4ae31d4b72b1e10c9bfd1a15b3c24a8d21627f1d01d720a46cb91c5491232
2,51,22,44,54,patience,42.23936462402344,cuda,NVIDIA RTX PRO 6000 Blackwell Server Edition,18193,53155840,263b9001211e74c263e3b468bd180b3be9c822030f7a24528a09157765bf1b24
2,51,33,50,60,patience,46.79004764556885,cuda,NVIDIA RTX PRO 6000 Blackwell Server Edition,18193,53155840,2a45166499e276a67f95a17b29f6a6441db6bc7c634c44f8d5549b0315f05012
2,77,11,55,65,patience,50.90206789970398,cuda,NVIDIA RTX PRO 6000 Blackwell Server Edition,24849,53155840,ae81d8c5a323e4a07c313a01a83640eb27f32e8ef6fc815ab50699fa2bfd2aa9
2,77,22,69,79,patience,61.877192735672,cuda,NVIDIA RTX PRO 6000 Blackwell Server Edition,24849,53155840,efcec7313fbc5381cf5e9210876b01ce777141cab2f49745dac2e2a0ed962a7a
2,77,33,59,69,patience,54.047154903411865,cuda,NVIDIA RTX PRO 6000 Blackwell Server Edition,24849,53155840,669ff4058d51dd1b474aa62c4bbe2bb0ce2d05f98d56bd8d496035242be2691b
2,128,11,61,71,patience,56.52494668960571,cuda,NVIDIA RTX PRO 6000 Blackwell Server Edition,37905,53229568,4ab5d426b7de59b4912ffa10cc2b603e74873271d053ec62ff90fd2b5d6bc19d
2,128,22,37,47,patience,37.375412464141846,cuda,NVIDIA RTX PRO 6000 Blackwell Server Edition,37905,53229568,96666d47615379e69131f439bf09fa6b536d73a93deb5dad93e8bccbed1acfc0
2,128,33,60,70,patience,55.524168252944946,cuda,NVIDIA RTX PRO 6000 Blackwell Server Edition,37905,53229568,d4186afd519ee213ce3ef22ef5fbb32a8a27175339fe5b6f70b047ff3fcab5b3
3,51,11,74,84,patience,64.8421425819397,cuda,NVIDIA RTX PRO 6000 Blackwell Server Edition,18193,53229568,bbfdba72ebb79fcef94b14965579da8554dd9a18cbd9e6bef1673c86b437b5d1
3,51,22,32,42,patience,31.600074291229248,cuda,NVIDIA RTX PRO 6000 Blackwell Server Edition,18193,53229568,746fb1a5f58d13bd31eb75dd9c1297d0af2dc8f72ddd68ec4f93b68381cc2985
3,51,33,37,47,patience,35.35243034362793,cuda,NVIDIA RTX PRO 6000 Blackwell Server Edition,18193,53229568,93f86bba1436b3be98dbb51d4d2442baaa647fa89d2fe119808352a147d888c8
3,77,11,44,54,patience,41.04229545593262,cuda,NVIDIA RTX PRO 6000 Blackwell Server Edition,24849,53229568,1c58d9a39ef3f9231fd8899e980a2bfe32e2dd81c64762e3fbe343fa8abdb5a7
3,77,22,58,68,patience,52.073336601257324,cuda,NVIDIA RTX PRO 6000 Blackwell Server Edition,24849,53229568,fac703d5cc1b13ee92bbaab545f0ac747e83f4041e49dbefeb5e7629ada6dfa7
3,77,33,56,66,patience,50.060054779052734,cuda,NVIDIA RTX PRO 6000 Blackwell Server Edition,24849,53229568,ea4d5751e638608818e635e92eb581f01814fb08fa7fe8e968af788ada58814f
3,128,11,31,41,patience,32.72401547431946,cuda,NVIDIA RTX PRO 6000 Blackwell Server Edition,37905,53229568,f29c76c6d0c6f5425227e6f64ac32dea711c76116dfdce2e0dd1d65c7c4b2f90
3,128,22,65,75,patience,58.679969787597656,cuda,NVIDIA RTX PRO 6000 Blackwell Server Edition,37905,53229568,d911ef83b76c9cb5ee8615fac5e344d9cb92b730c7215314fc45bb0957e73eb8
3,128,33,38,48,patience,36.76491713523865,cuda,NVIDIA RTX PRO 6000 Blackwell Server Edition,37905,53229568,00a43ddcd504f3b4b4c0074ac8abb6a0fe9d8e9af3136b0d560eebb77fdbcb8e
4,51,11,68,78,patience,58.61718201637268,cuda,NVIDIA RTX PRO 6000 Blackwell Server Edition,18193,53229568,2d98dec8b52f4b75214084bd051aade077f3f525d9dc78b762b4d247bf68ae43
4,51,22,27,37,patience,27.7658474445343,cuda,NVIDIA RTX PRO 6000 Blackwell Server Edition,18193,53229568,22d7d04dda680a98d07a10beed772ccdf69618d9b1fcf56f4e5255c9ee7b580c
4,51,33,21,31,patience,23.236603498458862,cuda,NVIDIA RTX PRO 6000 Blackwell Server Edition,18193,53229568,b115ea135d3ab7911258023cd8ddb8cd736c11f15a5c32640ad1af3826b6dbe0
4,77,11,62,72,patience,54.318355083465576,cuda,NVIDIA RTX PRO 6000 Blackwell Server Edition,24849,53229568,1be5a904a4db0afb20a1e277bda507e61d3cc4918407950c74d1b1d8bb158378
4,77,22,52,62,patience,47.0832302570343,cuda,NVIDIA RTX PRO 6000 Blackwell Server Edition,24849,53229568,b6b26ce283fbe77cc52332cf6b408754a6bc746d6385ad422b125b7ac4d4a58c
4,77,33,39,49,patience,37.49722075462341,cuda,NVIDIA RTX PRO 6000 Blackwell Server Edition,24849,53229568,b3ecd55e57833351f612e0db44e7b03fd53039396cdbc536004387786e3a797f
4,128,11,32,42,patience,32.87564301490784,cuda,NVIDIA RTX PRO 6000 Blackwell Server Edition,37905,53229568,d465d25d182282e8dfb3b231c09cd79b8aba3d3bddbbf3947ea891fa46728126
4,128,22,27,37,patience,28.301437616348267,cuda,NVIDIA RTX PRO 6000 Blackwell Server Edition,37905,53229568,1611da5964928c5d2e58a68c95e47ff7807fde74c2be180b13d560e3afac3cde
4,128,33,20,30,patience,22.9212589263916,cuda,NVIDIA RTX PRO 6000 Blackwell Server Edition,37905,53229568,75c23a191ceb68b46c84d4eecabfe4b42649732512d93850617e4fc49da6d4ce
5,51,11,29,39,patience,30.035722017288208,cuda,NVIDIA RTX PRO 6000 Blackwell Server Edition,18193,53229568,2700231553ae7bdddc48d5f61a4dafeb1385a211c2b710e606f370529b49c18b
5,51,22,49,59,patience,45.22278046607971,cuda,NVIDIA RTX PRO 6000 Blackwell Server Edition,18193,53229568,463a1c613ee5a0b8e3489cb8479ef72841045821dbf159d0ed5f9c739f188395
5,51,33,72,82,patience,62.9840726852417,cuda,NVIDIA RTX PRO 6000 Blackwell Server Edition,18193,53229568,d1ca8d44f045c945b9843fd749fac489b0a834e8c2ef9ef0df442997045457bb
5,77,11,41,51,patience,40.03875994682312,cuda,NVIDIA RTX PRO 6000 Blackwell Server Edition,24849,53229568,dcdb360a7d9517fb8105bca7f308dd96eed8de3fe0fca25970a4657302c7053a
5,77,22,65,75,patience,59.22804021835327,cuda,NVIDIA RTX PRO 6000 Blackwell Server Edition,24849,53229568,c5b90af1f4c4066b3876a29fff81a1da2f74d25971dda715b4ec4128e1961b76
5,77,33,40,50,patience,38.752501249313354,cuda,NVIDIA RTX PRO 6000 Blackwell Server Edition,24849,53229568,eee29533d6dfce128e688d4aa569122501fe783e6951130a17b07f3ad337ba99
5,128,11,15,25,patience,19.57110619544983,cuda,NVIDIA RTX PRO 6000 Blackwell Server Edition,37905,53229568,fb1e7f12bb913623eec6f02ce5e18c2170ed9a53b0becff2604740faca194e04
5,128,22,34,44,patience,34.292876958847046,cuda,NVIDIA RTX PRO 6000 Blackwell Server Edition,37905,53229568,9ae3e17a19c1540b70d2bc2fa0bf1defbc97262e922f86b7c09f205447b0c666
5,128,33,40,50,patience,38.99464201927185,cuda,NVIDIA RTX PRO 6000 Blackwell Server Edition,37905,53229568,a66183b662bfe9be10ba9927ab2f56d958c72ad67e02c5e918ca2309b74610ec
