Fold,M,Seed,status,path,detail,checkpoint_sha256,best_epoch,epochs_run,training_seconds
1,51,11,VERIFIED,D:\IOT\CuoiKy\checkpoints\reslincnn_lite_fold1_M51_seed11.pt,Đủ provenance và lịch sử train,9311bd72b679de6f9f2e8a4bff20fcc2ddb0cc4aa3a829979a906bde3a21a016,81,91,74.72371435165405
1,51,22,VERIFIED,D:\IOT\CuoiKy\checkpoints\reslincnn_lite_fold1_M51_seed22.pt,Đủ provenance và lịch sử train,73215644746d2fabef543bc333fbc36fe49046371108273ed8e301ba2bf56785,42,52,41.50845384597778
1,51,33,VERIFIED,D:\IOT\CuoiKy\checkpoints\reslincnn_lite_fold1_M51_seed33.pt,Đủ provenance và lịch sử train,8c427ca1c962cab8924d76c5f4237f14a12d322f648cbc5ac0e806502bd1ee6d,63,73,56.9111213684082
1,77,11,VERIFIED,D:\IOT\CuoiKy\checkpoints\reslincnn_lite_fold1_M77_seed11.pt,Đủ provenance và lịch sử train,b4c730283ea55a33209bb8bba5d53706c3bf9f64a713fd4acdfd6ec8eb38c453,59,69,54.2545702457428
1,77,22,VERIFIED,D:\IOT\CuoiKy\checkpoints\reslincnn_lite_fold1_M77_seed22.pt,Đủ provenance và lịch sử train,492233bb3ece71e5b3fb32f2102c88f0c96919dba31f7493f8dcc6dbf89dd119,42,52,41.518348932266235
1,77,33,VERIFIED,D:\IOT\CuoiKy\checkpoints\reslincnn_lite_fold1_M77_seed33.pt,Đủ provenance và lịch sử train,47d47a24ccf8ff8d8b69f8c29d0cb07ce44302d069401d3bf6cfb873aedcadfc,63,73,59.879392862319946
1,128,11,VERIFIED,D:\IOT\CuoiKy\checkpoints\reslincnn_lite_fold1_M128_seed11.pt,Đủ provenance và lịch sử train,13799e8df9e0455010045a829fa7b4f13065d27937d5a8f4b2ed9ee4f9879093,40,50,41.77524757385254
1,128,22,VERIFIED,D:\IOT\CuoiKy\checkpoints\reslincnn_lite_fold1_M128_seed22.pt,Đủ provenance và lịch sử train,eaec71aad3590ebfc4945d7a28e4b734d2d6edc452b53da2b28a7e92179489b6,49,59,48.88385200500488
1,128,33,VERIFIED,D:\IOT\CuoiKy\checkpoints\reslincnn_lite_fold1_M128_seed33.pt,Đủ provenance và lịch sử train,8604eeca369701aea0ad8f8d1c5a4c0e80f8f90fba5994b84e3c587c108c8dad,24,34,26.98157572746277
2,51,11,VERIFIED,D:\IOT\CuoiKy\checkpoints\reslincnn_lite_fold2_M51_seed11.pt,Đủ provenance và lịch sử train,7897ccdd37f5729f9828e479de32ba92b6682469345609338d1d8367dc3b4ce9,67,77,60.15492105484009
2,51,22,VERIFIED,D:\IOT\CuoiKy\checkpoints\reslincnn_lite_fold2_M51_seed22.pt,Đủ provenance và lịch sử train,b2a5960e70ac549a36660f51f492b80d97eba7df00015d926f8ea5aa8cae3b06,44,54,42.23936462402344
2,51,33,VERIFIED,D:\IOT\CuoiKy\checkpoints\reslincnn_lite_fold2_M51_seed33.pt,Đủ provenance và lịch sử train,30092e1e03396a0b6bd999a41b1dad76f87083567d0d05eedab509a8cf6ed710,50,60,46.79004764556885
2,77,11,VERIFIED,D:\IOT\CuoiKy\checkpoints\reslincnn_lite_fold2_M77_seed11.pt,Đủ provenance và lịch sử train,f4c3ac43bdf652332ef630fa191d20afe0024d89813acf4945d665c328c27454,55,65,50.90206789970398
2,77,22,VERIFIED,D:\IOT\CuoiKy\checkpoints\reslincnn_lite_fold2_M77_seed22.pt,Đủ provenance và lịch sử train,6d928811922fac3008803da8717514cea42a762325f110a0a07eec702745619f,69,79,61.877192735672
2,77,33,VERIFIED,D:\IOT\CuoiKy\checkpoints\reslincnn_lite_fold2_M77_seed33.pt,Đủ provenance và lịch sử train,bd088ec08a2026ceafb64dafb71d5bba8aa99a4b351150a6eab69956b6c9c410,59,69,54.047154903411865
2,128,11,VERIFIED,D:\IOT\CuoiKy\checkpoints\reslincnn_lite_fold2_M128_seed11.pt,Đủ provenance và lịch sử train,819115b5c46ea09fe93e2226d94ba62b4e196542c3aaa558079d306188506767,61,71,56.52494668960571
2,128,22,VERIFIED,D:\IOT\CuoiKy\checkpoints\reslincnn_lite_fold2_M128_seed22.pt,Đủ provenance và lịch sử train,c90e4863b5f52756e89fbd46a3d394959f9054890ba5f990733417e210eda9c5,37,47,37.375412464141846
2,128,33,VERIFIED,D:\IOT\CuoiKy\checkpoints\reslincnn_lite_fold2_M128_seed33.pt,Đủ provenance và lịch sử train,6c207ee625cfc1c48bbef8227c2027c37042b042a84e11bfeca24557bb21966d,60,70,55.524168252944946
3,51,11,VERIFIED,D:\IOT\CuoiKy\checkpoints\reslincnn_lite_fold3_M51_seed11.pt,Đủ provenance và lịch sử train,b67af232faace2872d5aa41a1b6825a9469c1ef8c1d1c42deac432473c03e376,74,84,64.8421425819397
3,51,22,VERIFIED,D:\IOT\CuoiKy\checkpoints\reslincnn_lite_fold3_M51_seed22.pt,Đủ provenance và lịch sử train,fb9bbc17a7ab2682d94741270dac3bc4b754b9846c890c5fc41fb92b2fd3afbb,32,42,31.600074291229248
3,51,33,VERIFIED,D:\IOT\CuoiKy\checkpoints\reslincnn_lite_fold3_M51_seed33.pt,Đủ provenance và lịch sử train,e49244cacccb8f96ef73ec0d7f7f620c528d2c13ede34a3f5ab59f5e2facbd29,37,47,35.35243034362793
3,77,11,VERIFIED,D:\IOT\CuoiKy\checkpoints\reslincnn_lite_fold3_M77_seed11.pt,Đủ provenance và lịch sử train,b4ee80008f8402fd146ba8df66b6dc38eb00f663af935fd5fad8de1d10237c79,44,54,41.04229545593262
3,77,22,VERIFIED,D:\IOT\CuoiKy\checkpoints\reslincnn_lite_fold3_M77_seed22.pt,Đủ provenance và lịch sử train,c120019689e1592efa5a3376ef4a4fa0d896c4df2c4030004d9721214edfad65,58,68,52.073336601257324
3,77,33,VERIFIED,D:\IOT\CuoiKy\checkpoints\reslincnn_lite_fold3_M77_seed33.pt,Đủ provenance và lịch sử train,c9c38fe94935715897c72692ce666644cadf0bf24739449d734f8a8d225f9787,56,66,50.060054779052734
3,128,11,VERIFIED,D:\IOT\CuoiKy\checkpoints\reslincnn_lite_fold3_M128_seed11.pt,Đủ provenance và lịch sử train,b837fa7fe266eef3bde697cad9023c6a0f35877954f4314ec5813bfb0b405843,31,41,32.72401547431946
3,128,22,VERIFIED,D:\IOT\CuoiKy\checkpoints\reslincnn_lite_fold3_M128_seed22.pt,Đủ provenance và lịch sử train,0b157f6c6ef986929f45a7e75d53c2a5a15b8a883f5d6750995f552028e6ebca,65,75,58.679969787597656
3,128,33,VERIFIED,D:\IOT\CuoiKy\checkpoints\reslincnn_lite_fold3_M128_seed33.pt,Đủ provenance và lịch sử train,439515c4517f28af9b9ba6be102744e62a9ada41b3abfcb75349e7d531d3c4e2,38,48,36.76491713523865
4,51,11,VERIFIED,D:\IOT\CuoiKy\checkpoints\reslincnn_lite_fold4_M51_seed11.pt,Đủ provenance và lịch sử train,7f1c26d2b2368262f8d11dded087a6f7856f97ed2155f1095ba988abd1a74474,68,78,58.61718201637268
4,51,22,VERIFIED,D:\IOT\CuoiKy\checkpoints\reslincnn_lite_fold4_M51_seed22.pt,Đủ provenance và lịch sử train,3fc8b057279390da50b8e0649af670867e0c5ea9a3f866490dea9b260b57df95,27,37,27.7658474445343
4,51,33,VERIFIED,D:\IOT\CuoiKy\checkpoints\reslincnn_lite_fold4_M51_seed33.pt,Đủ provenance và lịch sử train,46fcd5a98fc92b3d597780ae24664181a9e295f5ddc9c0fdc9dccf73ef8aa94c,21,31,23.236603498458862
4,77,11,VERIFIED,D:\IOT\CuoiKy\checkpoints\reslincnn_lite_fold4_M77_seed11.pt,Đủ provenance và lịch sử train,bfc953a4d599687d9aec6e9c5ed628365893d91dc25d77f6cc6d4c657d93c350,62,72,54.318355083465576
4,77,22,VERIFIED,D:\IOT\CuoiKy\checkpoints\reslincnn_lite_fold4_M77_seed22.pt,Đủ provenance và lịch sử train,e7ab4b6d9a9d782ef2b8f55a973616cb10cfdb06a43cdaf27ee5ac10bf672f5a,52,62,47.0832302570343
4,77,33,VERIFIED,D:\IOT\CuoiKy\checkpoints\reslincnn_lite_fold4_M77_seed33.pt,Đủ provenance và lịch sử train,6d025115f4acb8ce93d627fb023add34d43f857f75a19ad2fe4460d278135a06,39,49,37.49722075462341
4,128,11,VERIFIED,D:\IOT\CuoiKy\checkpoints\reslincnn_lite_fold4_M128_seed11.pt,Đủ provenance và lịch sử train,180534b9120a359f7a8011ed772086e3f17da3cfbd1582781788b9346620a72d,32,42,32.87564301490784
4,128,22,VERIFIED,D:\IOT\CuoiKy\checkpoints\reslincnn_lite_fold4_M128_seed22.pt,Đủ provenance và lịch sử train,a52fd92286d9661d69b341641ed3b4f5fc444a12eea7f961a8cd49945e5595dd,27,37,28.301437616348267
4,128,33,VERIFIED,D:\IOT\CuoiKy\checkpoints\reslincnn_lite_fold4_M128_seed33.pt,Đủ provenance và lịch sử train,ba32dcae280987481ae2872f8939631a2d46be64359834e0b7571cc89dc62374,20,30,22.9212589263916
5,51,11,VERIFIED,D:\IOT\CuoiKy\checkpoints\reslincnn_lite_fold5_M51_seed11.pt,Đủ provenance và lịch sử train,a59b6ae311df23dfce9d18895790f00edeaaaad5324f821338f60f09588c2de0,29,39,30.035722017288208
5,51,22,VERIFIED,D:\IOT\CuoiKy\checkpoints\reslincnn_lite_fold5_M51_seed22.pt,Đủ provenance và lịch sử train,2120ef87991f07c286132eb2d6c154784e5254f5bfc790b2357cab679c145171,49,59,45.22278046607971
5,51,33,VERIFIED,D:\IOT\CuoiKy\checkpoints\reslincnn_lite_fold5_M51_seed33.pt,Đủ provenance và lịch sử train,1936b9adbbe7e604e6d52bf53997ef5589187ad469909e8b6e24990dd387abb8,72,82,62.9840726852417
5,77,11,VERIFIED,D:\IOT\CuoiKy\checkpoints\reslincnn_lite_fold5_M77_seed11.pt,Đủ provenance và lịch sử train,8dcd55a537da593b036c13857c73c8bcbae6f4552e1e16349b64b7068a867a9c,41,51,40.03875994682312
5,77,22,VERIFIED,D:\IOT\CuoiKy\checkpoints\reslincnn_lite_fold5_M77_seed22.pt,Đủ provenance và lịch sử train,5a7209c49619e7a0110038dd6b0992257f6e2eecca7d85faab70bf50242a073e,65,75,59.22804021835327
5,77,33,VERIFIED,D:\IOT\CuoiKy\checkpoints\reslincnn_lite_fold5_M77_seed33.pt,Đủ provenance và lịch sử train,fff0315dfd6dd679d488a9b659c6b074de235721fdab6458bdfb1b35f150c45e,40,50,38.752501249313354
5,128,11,VERIFIED,D:\IOT\CuoiKy\checkpoints\reslincnn_lite_fold5_M128_seed11.pt,Đủ provenance và lịch sử train,d278ec50096824e456752dc6556bca8cde0b3c6535452e536a028afff17fc391,15,25,19.57110619544983
5,128,22,VERIFIED,D:\IOT\CuoiKy\checkpoints\reslincnn_lite_fold5_M128_seed22.pt,Đủ provenance và lịch sử train,2bc940faa4c134e944b4eacf7a6b55ea2583c8bf3beee3ac4b8256963a07a4c2,34,44,34.292876958847046
5,128,33,VERIFIED,D:\IOT\CuoiKy\checkpoints\reslincnn_lite_fold5_M128_seed33.pt,Đủ provenance và lịch sử train,99c2b6c0e17094780bc56f41e5a171dfbff74f0a34cd236de3b6f24382dd418c,40,50,38.99464201927185
