Fold,M,Selected_Kmax,Val_Macro_PRD,Candidate_Scores
1,51,8,72.81249035361338,"{8: 72.81249035361338, 16: 77.70291546498923, 32: 81.81244900048394}"
1,77,16,45.685718835877275,"{8: 53.741157696249694, 16: 45.685718835877275, 32: 46.377930676808326, 64: 48.670884168372616}"
1,128,64,4.6639474938869405,"{8: 45.685043437721255, 16: 28.213800629015562, 32: 12.396314911304577, 64: 4.6639474938869405}"
2,51,8,72.72012340500504,"{8: 72.72012340500504, 16: 77.60754218726095, 32: 81.7145367547248}"
2,77,16,46.47132298062985,"{8: 54.09409169712709, 16: 46.47132298062985, 32: 47.4822217445348, 64: 49.82461164239505}"
2,128,64,4.996057939173748,"{8: 45.915660574715524, 16: 28.53359806967208, 32: 12.813102072810139, 64: 4.996057939173748}"
3,51,8,66.33850541485513,"{8: 66.33850541485513, 16: 70.43654167902798, 32: 74.27847644749777}"
3,77,16,39.80156331632267,"{8: 48.64819465191488, 16: 39.80156331632267, 32: 39.89240920702458, 64: 41.93325665458736}"
3,128,64,3.899404218725477,"{8: 41.85041898593019, 16: 24.868128749393236, 32: 10.45428713210157, 64: 3.899404218725477}"
4,51,8,65.73359171690889,"{8: 65.73359171690889, 16: 69.87131824285909, 32: 73.70492613105105}"
4,77,16,39.578812803159614,"{8: 48.38963923908071, 16: 39.578812803159614, 32: 39.602188524816306, 64: 41.61042509032585}"
4,128,64,3.3483344163414785,"{8: 41.51918739028892, 16: 24.722025318904926, 32: 9.952253648587769, 64: 3.3483344163414785}"
5,51,8,69.43602877941062,"{8: 69.43602877941062, 16: 73.93449821285465, 32: 77.91977115094129}"
5,77,16,43.51596207297729,"{8: 51.57536997325753, 16: 43.51596207297729, 32: 43.989879867280195, 64: 46.19776533164182}"
5,128,64,4.324349974954258,"{8: 43.880603062954684, 16: 26.974776482161044, 32: 11.601641033689367, 64: 4.324349974954258}"
