Subject,Fold,PRD INT16 reference (%),RMSE (z-score)
S1,1,0.0019388311789552244,1.8982108179249808e-05
S2,1,0.002060734111456107,7.855303710680869e-06
S3,1,0.0019034558274480873,1.2617388639146597e-05
S4,2,0.002084820977651963,1.1924585675000476e-05
S5,2,0.002043456120043517,2.0301233908639434e-05
S6,2,0.0019228682500247371,1.62208860628205e-05
S7,3,0.001846923954324359,1.2600110173703742e-05
S8,3,0.0020663509091840195,1.025870972614521e-05
S9,3,0.0021625706627011678,1.8432341888770504e-05
S10,4,0.0019598432470196306,1.3069390953994802e-05
S11,4,0.0019282828196336916,1.816121530537378e-05
S12,4,0.0019718536414935852,2.8852182824766564e-05
S13,5,0.0019263896392701571,1.9488605166821837e-05
S14,5,0.0018765240862727447,2.2139993217371418e-05
S15,5,0.0019338405670393782,9.528315990378731e-06
