Subject,Fold,OMP PRD (%),CNN PRD (%),Relative Reduction (%),OMP RMSE,CNN RMSE,OMP SNR (dB),CNN SNR (dB)
S1,1,39.61,16.96,57.19,0.3928,0.1646,8.88,15.79
S2,1,51.23,21.62,57.81,0.1996,0.0794,6.54,13.65
S3,1,39.70,18.11,54.39,0.2580,0.1162,8.74,15.15
S4,2,48.99,21.61,55.89,0.2945,0.1208,7.06,13.61
S5,2,47.63,21.97,53.87,0.4706,0.2122,7.11,13.48
S6,2,40.44,21.42,47.03,0.3450,0.1732,8.59,13.62
S7,3,40.30,19.13,52.53,0.2724,0.1291,8.47,14.65
S8,3,45.32,19.69,56.56,0.2328,0.0914,7.82,14.65
S9,3,53.79,21.01,60.94,0.4650,0.1715,6.13,13.96
S10,4,41.01,20.18,50.81,0.2822,0.1303,8.93,14.19
S11,4,42.10,20.31,51.76,0.4012,0.1905,8.19,14.12
S12,4,36.29,17.05,53.01,0.5436,0.2561,9.62,15.65
S13,5,42.77,19.71,53.92,0.4376,0.2003,8.02,14.41
S14,5,37.43,18.66,50.16,0.4381,0.2181,9.38,14.91
S15,5,38.53,18.50,51.99,0.1876,0.0882,9.12,14.95
