M,Subject,prd,rmse,snr_rec
51,S1,8.049849658782383,0.0800091276670113,22.57534891436649
51,S2,12.653443752820257,0.048612383220177496,18.775870030928328
51,S3,8.701838740007894,0.054901300784684894,21.828161521541755
51,S4,12.082592447270079,0.07281105146179286,19.351724297896755
51,S5,11.377957423939899,0.10952595413745951,19.458101427147813
51,S6,9.58598693092076,0.08015068219744499,21.048118927382777
51,S7,8.692237126437199,0.05771171636055863,21.814488937564175
51,S8,10.72845811876711,0.052762648984963974,20.30715444195252
51,S9,13.935761817040538,0.1085622440076081,18.171682572908452
51,S10,10.454091590483767,0.06896695866691134,20.78710999282305
51,S11,10.552511962329854,0.09962522198495366,20.13886611531099
51,S12,7.980778626955069,0.11994272198001836,22.519250262940314
51,S13,9.613684105850432,0.09849836978936961,20.961880731968986
51,S14,8.308456610801292,0.09705065892477611,22.366164913065095
51,S15,8.218058440086358,0.03962871618838071,22.415061762065324
77,S1,1.956917143056889,0.020002107970252724,34.816731661572554
77,S2,3.049469371605355,0.012062557658343206,31.236428709035156
77,S3,1.9933383271236742,0.012579804977774547,34.519114380148444
77,S4,2.7556632209564285,0.0167421957754433,32.04775560127785
77,S5,2.204315523318512,0.021884402507257077,33.53825787101271
77,S6,2.026754278131882,0.01723512480325222,34.33120672840328
77,S7,1.8245815057843167,0.012242457468950814,35.23570050698194
77,S8,2.570848884052768,0.012875594445873398,32.75814685791588
77,S9,3.41837953055493,0.0262424008330531,30.536820455807103
77,S10,2.6678182501350656,0.0179885877259355,32.34180301542787
77,S11,2.4761616454740945,0.023440347665713863,32.578052181416815
77,S12,1.9382919937761258,0.029493400568123617,34.60202620766261
77,S13,2.144502136856478,0.02223238467369161,33.87222299050136
77,S14,1.9119485853406701,0.022817540472189216,34.840991731230524
77,S15,2.0060096652212227,0.009968254101683787,34.52426267813758
128,S1,1.035713161608714,0.010557613704540683,40.21145925587226
128,S2,1.498063896967487,0.005955411449397646,37.28624190371375
128,S3,1.0395527829429587,0.006648400860365539,40.08996011037869
128,S4,1.101434978153474,0.006598472330765677,39.706777539139324
128,S5,0.8939757663829262,0.008994261599683208,41.218919885317355
128,S6,0.8472624475329841,0.007202622063427154,41.717180888795525
128,S7,0.9214282241849804,0.006227056698354599,41.08750859803632
128,S8,1.2555354893546984,0.00612073189442135,38.763706605136406
128,S9,1.5055355927576322,0.01175041062468953,37.37484722045182
128,S10,1.5849830939046756,0.010639485459137683,36.54459764703879
128,S11,1.4426732339363488,0.013665232878027409,37.1063084499695
128,S12,1.2357655387732722,0.01894478672005454,38.38805601352191
128,S13,1.2062819308639474,0.012484805477284165,38.8977000414593
128,S14,1.1169270923269727,0.013353393486141304,39.522514964660715
128,S15,1.196479853352913,0.005929630597773734,39.00563106835963
