M,Decoder,Macro-PRD (%),Subject Std (%),RMSE,SNRrec (dB),CPU p50 (ms),CPU p95 (ms),Trạng thái,Lượt đánh giá
51,OMP–DCT,69.41,±5.41,0.5765,3.70,0.174,0.255,ĐỦ KẾT QUẢ,5/5
51,CNN 1D,22.02,±2.10,0.1742,13.49,0.223,0.351,ĐỦ KẾT QUẢ,15/15
51,ResLinCNN_Lite,10.06,1.84,0.0793,20.83,0.401,0.579,ĐỦ KẾT QUẢ — CÙNG PROTOCOL,15/15
77,OMP–DCT,43.01,±5.24,0.3481,8.17,0.345,0.515,ĐỦ KẾT QUẢ,5/5
77,CNN 1D,19.73,±1.64,0.1561,14.45,0.227,0.359,ĐỦ KẾT QUẢ,15/15
77,ResLinCNN_Lite,2.33,0.48,0.0185,33.45,0.402,0.556,ĐỦ KẾT QUẢ — CÙNG PROTOCOL,15/15
128,OMP–DCT,4.25,±1.25,0.0322,31.35,1.520,1.925,ĐỦ KẾT QUẢ,5/5
128,CNN 1D,19.78,±1.43,0.1565,14.42,0.221,0.329,ĐỦ KẾT QUẢ,15/15
128,ResLinCNN_Lite,1.19,0.23,0.0097,39.13,0.398,0.563,ĐỦ KẾT QUẢ — CÙNG PROTOCOL,15/15
