Subject,raw_reset_sample,reference_window_start_seconds,prd_after_5s,max_abs_error_after_5s,status,scope
S7,3840,5.0,0.0003692825295896814,0.00055694580078125,PASS_1PCT_DIAGNOSTIC,post-experiment train-only reset audit; does not tune drop
S7,7680,5.0,0.000552534851418625,0.0003604888916015625,PASS_1PCT_DIAGNOSTIC,post-experiment train-only reset audit; does not tune drop
S7,11520,5.0,0.0009123414601276161,0.001194000244140625,PASS_1PCT_DIAGNOSTIC,post-experiment train-only reset audit; does not tune drop
S8,3840,5.0,1.2970994430548076e-05,5.7220458984375e-05,PASS_1PCT_DIAGNOSTIC,post-experiment train-only reset audit; does not tune drop
S8,7680,5.0,0.0015021528209522403,0.0006046295166015625,PASS_1PCT_DIAGNOSTIC,post-experiment train-only reset audit; does not tune drop
S8,11520,5.0,0.0017192758569261992,0.00031185150146484375,PASS_1PCT_DIAGNOSTIC,post-experiment train-only reset audit; does not tune drop
S9,3840,5.0,0.00038451765883913675,0.0002384185791015625,PASS_1PCT_DIAGNOSTIC,post-experiment train-only reset audit; does not tune drop
S9,7680,5.0,0.0005324707405550046,0.0001735687255859375,PASS_1PCT_DIAGNOSTIC,post-experiment train-only reset audit; does not tune drop
S9,11520,5.0,7.211823407814096e-05,0.00036907196044921875,PASS_1PCT_DIAGNOSTIC,post-experiment train-only reset audit; does not tune drop
S10,3840,5.0,0.0003111481759418404,0.000102996826171875,PASS_1PCT_DIAGNOSTIC,post-experiment train-only reset audit; does not tune drop
S10,7680,5.0,0.0003373757048748104,0.000171661376953125,PASS_1PCT_DIAGNOSTIC,post-experiment train-only reset audit; does not tune drop
S10,11520,5.0,0.0014222801562014786,0.00174713134765625,PASS_1PCT_DIAGNOSTIC,post-experiment train-only reset audit; does not tune drop
S11,3840,5.0,0.0010169158791305808,0.00128173828125,PASS_1PCT_DIAGNOSTIC,post-experiment train-only reset audit; does not tune drop
S11,7680,5.0,0.0005997642044145034,0.0009765625,PASS_1PCT_DIAGNOSTIC,post-experiment train-only reset audit; does not tune drop
S11,11520,5.0,0.0006532104427064026,0.00096893310546875,PASS_1PCT_DIAGNOSTIC,post-experiment train-only reset audit; does not tune drop
S12,3840,5.0,0.0007356025008644743,0.00183868408203125,PASS_1PCT_DIAGNOSTIC,post-experiment train-only reset audit; does not tune drop
S12,7680,5.0,0.0008057214487686805,0.00035858154296875,PASS_1PCT_DIAGNOSTIC,post-experiment train-only reset audit; does not tune drop
S12,11520,5.0,0.0005779372180461051,0.000225067138671875,PASS_1PCT_DIAGNOSTIC,post-experiment train-only reset audit; does not tune drop
S13,3840,5.0,6.86304365282004e-05,0.00023651123046875,PASS_1PCT_DIAGNOSTIC,post-experiment train-only reset audit; does not tune drop
S13,7680,5.0,0.0009295349104492998,0.001834869384765625,PASS_1PCT_DIAGNOSTIC,post-experiment train-only reset audit; does not tune drop
S13,11520,5.0,0.0005335045251622944,0.00133514404296875,PASS_1PCT_DIAGNOSTIC,post-experiment train-only reset audit; does not tune drop
S14,3840,5.0,0.000366267215377433,0.0015106201171875,PASS_1PCT_DIAGNOSTIC,post-experiment train-only reset audit; does not tune drop
S14,7680,5.0,0.0006379385823067797,0.000701904296875,PASS_1PCT_DIAGNOSTIC,post-experiment train-only reset audit; does not tune drop
S14,11520,5.0,0.0005710898574271941,0.00081634521484375,PASS_1PCT_DIAGNOSTIC,post-experiment train-only reset audit; does not tune drop
S15,3840,5.0,0.0005349797929892642,0.0002574920654296875,PASS_1PCT_DIAGNOSTIC,post-experiment train-only reset audit; does not tune drop
S15,7680,5.0,0.0007294440978675908,0.000423431396484375,PASS_1PCT_DIAGNOSTIC,post-experiment train-only reset audit; does not tune drop
S15,11520,5.0,0.0005212088283141799,0.00018310546875,PASS_1PCT_DIAGNOSTIC,post-experiment train-only reset audit; does not tune drop
