Case,Subject,Window,Method,PRD (%),RMSE,Max abs error,Mean error,Reference peak-to-peak
Phân vị 25% (Sai số thấp / Low Error Quartile),S3,12534,OMP,31.910020234813558,0.1855914878235105,0.4785594344139099,0.00013996337384014623,2.3151931166648865
Phân vị 25% (Sai số thấp / Low Error Quartile),S3,12534,CNN,15.149874163011246,0.08811300229714962,0.5133970081806183,0.004164527167631604,2.3151931166648865
Phân vị 25% (Sai số thấp / Low Error Quartile),S3,12534,Lite,1.5963345316336857,0.009284422216276714,0.02578786015510559,0.0009020071202030522,2.3151931166648865
Phân vị 50% (Trung vị / Median Typical Error),S3,13060,OMP,28.664501130386537,0.2019969245420718,0.7471090853214264,-0.02347302569251042,3.046971917152405
Phân vị 50% (Trung vị / Median Typical Error),S3,13060,CNN,18.445281380473084,0.12998273000533675,0.7578011751174927,0.017303012937190942,3.046971917152405
Phân vị 50% (Trung vị / Median Typical Error),S3,13060,Lite,1.4093382590030237,0.009931517477424514,0.025103092193603516,0.00045495912490878254,3.046971917152405
Phân vị 75% (Sai số cao / High Error Quartile),S2,8393,OMP,15.017172092472462,0.03097850560697018,0.07740212604403496,0.0036113317853505578,0.8732794225215912
Phân vị 75% (Sai số cao / High Error Quartile),S2,8393,CNN,22.250788466818847,0.04590053114090455,0.2632054388523102,0.0061904807678274665,0.8732794225215912
Phân vị 75% (Sai số cao / High Error Quartile),S2,8393,Lite,1.4479387827155636,0.002986912544032692,0.007339596748352051,0.0006219788099315338,0.8732794225215912
Phân vị 99% (Sai số cực trị / Extreme Error Outlier),S2,4626,OMP,49.70742998248865,0.03983523197547352,0.11760186031460762,0.003949176061240678,0.3842639625072479
Phân vị 99% (Sai số cực trị / Extreme Error Outlier),S2,4626,CNN,36.53202100737981,0.029276539380018618,0.1468980684876442,0.005935095653939015,0.3842639625072479
Phân vị 99% (Sai số cực trị / Extreme Error Outlier),S2,4626,Lite,3.6395151846476255,0.0029166853267161797,0.009607542306184769,0.0005603182830498099,0.3842639625072479
